{"loss": [0.6543960571289062, 0.2959265112876892, 0.18859973549842834, 0.142546609044075, 0.12511046230793, 0.11756329983472824, 0.11327049136161804, 0.11075957864522934, 0.1092887669801712, 0.10835045576095581, 0.10771209001541138, 0.10723669081926346, 0.10686296969652176, 0.10654860734939575, 0.10627611726522446, 0.1060391217470169, 0.10582444071769714, 0.10562524944543839, 0.10543961077928543, 0.10526692122220993, 0.10510850697755814, 0.1049618348479271, 0.1048247367143631, 0.10469426214694977, 0.10457079112529755, 0.10445409268140793, 0.10434170067310333, 0.10423235595226288, 0.10412609577178955, 0.1040227934718132, 0.1039215475320816, 0.1038227379322052, 0.1037265956401825, 0.10363169014453888, 0.10353928804397583, 0.10344891995191574, 0.10336007177829742, 0.10327444970607758, 0.10319123417139053, 0.10311014950275421, 0.10303130000829697, 0.1029551550745964, 0.1028820052742958, 0.1028112843632698, 0.10274123400449753, 0.10267363488674164, 0.10260743647813797, 0.1025434359908104, 0.1024826318025589, 0.10242325812578201, 0.10236626118421555, 0.10231003165245056, 0.10225555300712585, 0.10220346599817276, 0.1021517887711525, 0.10210169106721878, 0.10205221176147461, 0.10200429707765579, 0.10195787996053696, 0.10191138833761215, 0.101865753531456, 0.10182012617588043, 0.10177437216043472, 0.10172951221466064, 0.10168623924255371, 0.10164269804954529, 0.1016000360250473, 0.10155703872442245, 0.10151519626379013, 0.10147497057914734, 0.10143722593784332, 0.10139915347099304, 0.1013621985912323, 0.10132556408643723, 0.10129005461931229, 0.10125569999217987, 0.10122106969356537, 0.10118745267391205, 0.10115431994199753, 0.10112200677394867, 0.10108974575996399, 0.10105786472558975, 0.10102617740631104, 0.10099532455205917, 0.10096435993909836, 0.10093412548303604, 0.10090288519859314, 0.10087365657091141, 0.10084511339664459, 0.10081565380096436, 0.10078758001327515, 0.10075952112674713, 0.10073186457157135, 0.10070441663265228, 0.10067871958017349, 0.1006520539522171, 0.10062612593173981, 0.10060089826583862, 0.10057608783245087, 0.10055140405893326], "val_loss": [0.44187867641448975, 0.25447723269462585, 0.16929791867733002, 0.1362500786781311, 0.12695777416229248, 0.12226691842079163, 0.11901391297578812, 0.11654877662658691, 0.1153300479054451, 0.11458121240139008, 0.11399126797914505, 0.11351095885038376, 0.1130998432636261, 0.11275952309370041, 0.11249346286058426, 0.11226112395524979, 0.1120554730296135, 0.11183670163154602, 0.1116395965218544, 0.11147952824831009, 0.11133327335119247, 0.11119925230741501, 0.11108444631099701, 0.11099148541688919, 0.11088701337575912, 0.11078597605228424, 0.11069029569625854, 0.11058739572763443, 0.1104925274848938, 0.11039189994335175, 0.11030451208353043, 0.11022335290908813, 0.11014266312122345, 0.11006096750497818, 0.10998664796352386, 0.10990793257951736, 0.10983839631080627, 0.1097673550248146, 0.10970079898834229, 0.10963528603315353, 0.1095709428191185, 0.1095123291015625, 0.1094549372792244, 0.109394870698452, 0.1093355119228363, 0.1092739924788475, 0.10921722650527954, 0.1091584712266922, 0.10910625010728836, 0.10905427485704422, 0.10899984836578369, 0.10894821584224701, 0.10889549553394318, 0.10884303599596024, 0.10879570245742798, 0.1087493896484375, 0.1087009608745575, 0.10865219682455063, 0.10860690474510193, 0.1085638776421547, 0.10852653533220291, 0.10848577320575714, 0.10844571888446808, 0.10840637236833572, 0.10837192833423615, 0.10833939164876938, 0.10829982161521912, 0.1082644984126091, 0.10822565108537674, 0.10818711668252945, 0.10815797746181488, 0.10812695324420929, 0.1080973893404007, 0.10806792974472046, 0.1080414429306984, 0.10801449418067932, 0.10798957198858261, 0.10796429961919785, 0.10793988406658173, 0.10791730135679245, 0.10788922756910324, 0.10786596685647964, 0.1078447625041008, 0.10782498866319656, 0.10780558735132217, 0.10778320580720901, 0.10775359719991684, 0.10773293673992157, 0.10771306604146957, 0.10769527405500412, 0.10767174512147903, 0.10766016691923141, 0.10763464868068695, 0.10761722177267075, 0.1076018214225769, 0.1075863316655159, 0.10757134854793549, 0.1075528934597969, 0.10753821581602097, 0.10751964896917343]}